{
  "urls": [
    "spritesAudio.wav"
  ],
  "sprite": {
    "check": [
      0,
      40321.45124716553
    ],
    "failure": [
      42000,
      4121.541950113382
    ],
    "give_up": [
      48000,
      1950.4761904761879
    ],
    "round_created": [
      51000,
      9155.918367346942
    ],
    "time_is_over": [
      62000,
      2530.9750566893426
    ],
    "win": [
      66000,
      2902.4943310657536
    ]
  }
}