{
  "urls": [
    "spritesAudio.wav"
  ],
  "sprite": {
    "check": [
      0,
      1500.5895691609978
    ],
    "failure": [
      3000,
      1983.2653061224494
    ],
    "give_up": [
      6000,
      1332.108843537415
    ],
    "round_created": [
      9000,
      1508.9795918367345
    ],
    "time_is_over": [
      12000,
      1983.2653061224494
    ],
    "win": [
      15000,
      4260.816326530612
    ]
  }
}